0,1,2,3,4,5,6,7,8,9,10,11,12,13,14,15,16,17,18,19,20,21,22,23,24,25,26,27,28,29,30,31,32,33,34,35,36,37,38,39,40,41,42,43,44,45,46,47,48,49,50,51,52,53,54,55,56,57,58,59,60,61,62,63,64,65,66,67,68,69,70,71,72,73,74,75,76,77,78,79,80,81,82,83,84,85,86,87,88,89,90,91,92,93,94,95,96,97,98,99
382.94876805468795,224.6858283433616,229.12071607562015,369.0709805623998,373.2024102561983,387.95155085859096,359.0759952693171,221.77268086676878,331.75607407142286,297.78316634553204,268.0314409840587,267.1904188455298,290.11037013436595,225.06156075740273,244.75435635206065,173.9530112955603,290.05326666904705,274.189781154221,268.35848005565987,168.04123062986093,279.35469477459986,172.71817103430587,254.8261686485801,256.13170815885127,254.9631438489298,230.3111646413967,190.2242354628651,179.08034552618076,295.5350888058365,194.16776232704396,210.5324429399635,209.71891445674697,217.48942605945427,207.50394163782457,293.79962610411104,172.83759779760126,196.53916458991367,201.9630368843301,241.5624668930237,219.85444740889665,181.40406513261632,177.78573999104407,199.34714682231177,185.75603607991786,192.83753677178225,265.12491508564915,210.55461564966515,224.44686920904047,206.5749747943664,272.5979687736506,199.7410806983104,237.64108811984735,170.20451963641452,291.6219700495759,218.55891463146656,241.25364242463263,192.30875489558747,175.52488027041338,253.77767975002993,303.44615092717055,273.3384221182668,254.57877894009462,207.63411300017592,147.87189526653614,202.0190661104664,349.3914328712934,198.73967607945332,200.01655464322653,328.289567159937,234.8795465332674,252.31548903463872,331.306529758762,296.50184400876304,326.35129887922716,320.7717813689072,225.70541704812402,214.63000492927,218.07321125364746,334.2423800921719,383.1796272138635,344.3934614487983,194.94739876981677,215.8677876490823,140.51333048485495,178.10574501495287,280.747897011378,164.39823536511585,198.10491378936825,280.912998458978,308.1624489583866,274.46142284216626,289.4363160423684,269.5007273640936,203.24998791822244,265.8708131050186,277.4826914792214,116.83091073586354,173.47150043256462,389.8211606294091,182.31068266442833
331.6467742514019,299.89085359306307,233.55298112167998,281.45471201861943,309.41983175822486,303.19144334281424,360.90074214635257,299.321912721619,323.93816386605044,286.4997391383666,257.89428931625986,276.350326549718,212.54600854747815,194.4295244563413,354.37624715622735,154.29086083637512,263.72166870547306,193.80884204731325,249.68061561185547,159.5207625059448,251.06151180227397,163.17325686006953,198.4335624582436,177.98303898443157,183.21060953895392,216.66990148504377,213.1915259048367,158.50921685751945,296.96589060524025,272.14410541347263,191.85859492000114,196.63311450641598,223.61080046698132,203.22925836231798,248.9034788984942,160.60025530984018,230.9701866637377,230.5946747069959,253.42593537194057,240.6818154423163,283.36504044182556,158.69857934406244,194.5582661221555,207.5791828607403,213.0729438756089,234.10441587226808,155.76040179548576,246.5106667238872,236.93391168978275,258.8471690877354,243.6251736376558,232.47910209308452,156.44434168609018,268.0646930625734,295.87275498504425,255.702420529352,153.44048496934732,177.41354300131306,185.67179096426477,226.31032557706925,221.4425269445491,234.2333574371151,187.52106324577497,192.9056767731164,279.8035294622339,302.4955591663345,327.2576417120105,322.61473850125947,286.98440910469776,234.91111510273603,278.1050713456695,257.05174125226273,282.3173602022893,292.0465138633011,298.8823137729913,218.55410732066252,304.60989753484375,255.25058866936544,276.54169942292566,314.1523373257355,274.70906708471523,212.32156293208192,163.9399603101269,169.94441973610066,190.97787957178562,274.35764670076577,157.11423060953706,336.1780052166881,307.20355663192703,269.7371982907982,273.2101919716691,292.7214629373468,333.8977691126568,174.14459555788738,212.6232384868196,237.27023252862995,237.12506097134934,242.74812920095368,203.85247345306612,164.85691713004712
211.2662789286942,143.55210274042918,163.6843554662246,185.41113407784817,197.50286447540284,193.66103862620872,175.66431526692904,167.53956665765037,162.06243590740843,178.8233686409844,199.7700563699008,156.657563919755,158.00599541094272,118.49158067361495,191.99393900225564,19.69347673752495,192.48058056981162,108.23080843433871,146.3766905842239,17.1443114798552,155.01782390770595,22.925779140153594,182.65529551419726,176.63893863069293,197.6881387824886,193.3398770910818,170.29919048105435,15.861335492619316,135.16299836346315,149.60265422456104,165.9436092184024,168.6636186859499,171.89584896453866,155.84379485455634,187.90526255433434,19.919567747530458,159.8829149175785,161.4885461671953,157.9798301959712,150.9417218518718,106.0888791582755,9.676928837004617,145.28158729528997,160.0096944151216,173.0815455956577,155.51922135857347,177.65282914789103,162.8064478831569,158.7286444615033,133.8436705391204,162.01746820191227,178.94138303399964,14.510857942539007,171.18612602764938,166.31860412248034,193.3349872369068,190.31966222293443,181.20705623855045,190.06767307493806,170.16174926455835,176.9887598064928,155.20120443518792,40.281185239736935,171.22138681002014,130.97418590342352,165.62269501630556,180.40408736991512,132.50559421951982,202.04325502176232,152.89645746631274,154.33916852359232,189.8828300419768,150.60309649996142,193.49662154154763,183.75311001108807,68.35000777012476,172.19936560765294,178.0002079841374,170.60770046577954,192.0806218387574,154.99710514927628,86.56480322259249,149.7642772245611,84.13474575536921,148.93029218590684,160.4892156646182,12.369659102855806,140.34838964395828,164.62745945816994,194.1097361874514,140.36724081094772,157.6432994496012,153.70503885656316,40.13180086721034,111.91560663621743,153.78519710291977,155.46997974898082,182.13550753873741,173.0683109222525,20.38271824270289
271.6381271171008,194.44858090806437,218.2430048014184,266.32533304005904,309.2011825256981,256.39517324742786,242.07010792844574,242.71155831730383,254.9829858974174,249.47742122112075,265.10229035419263,141.64444159769673,208.99547471292658,155.87298732524943,253.8542687909516,95.15838376864565,251.13679581181245,186.27589252006086,200.68979658805407,82.75987808864318,206.45863696429976,92.67673015734215,245.08693691230934,210.4017916326829,263.96152195303176,240.9136941108766,203.32362976598284,86.85748815681447,205.25987843014457,177.3421044864382,240.61588943362884,251.2438267069767,258.23342557420517,230.07442236243855,288.8363048775052,93.07549910627645,240.19940609240408,236.57285548349967,246.89901719268306,236.53655359010955,149.25757051611072,88.69291184110484,218.70216650733872,235.0534486776257,230.9327278660071,219.41526549486116,239.14633858367142,259.7037981652737,239.74031542370543,205.25175209299678,203.98583538729446,239.41746917224523,79.5241170690059,216.02508667723686,202.78406174210875,250.61129777027733,234.28380018785958,223.05182490071041,236.87945890300102,231.21448824392135,222.7257179487119,203.32623387795792,121.61050867942754,199.854467235866,194.39271878560828,269.9354157954029,231.3471441561889,142.18764080070017,248.75781762058247,224.18977281454292,266.1962814229531,285.2580985946526,223.55998355096222,279.01449669264497,231.435123294381,134.37742144599514,240.89736085189062,170.50601686477958,265.49705711880216,288.93955335265287,257.3006797492087,121.23245178450837,224.5185243250879,111.23645705785796,181.62005429464745,233.78824289554942,84.06037119343829,118.02065264037084,216.9906052032957,212.81403034402544,208.5753301718805,220.20093020528398,203.33787856373274,115.09327241726527,179.82950127035798,221.30364413358018,206.1606859361412,227.75645312179867,268.5436880214434,100.06506249200585
368.0575916536555,265.7993407910915,300.60751994116015,273.7548562538215,261.1038911617326,284.783034510898,327.78253836640664,228.1567304909238,234.05046210759227,237.74770757211277,248.50507024664316,209.1633698402705,241.41932809299598,158.75793986833338,317.5083218075357,167.7892418579004,234.39579593180926,251.67375458328735,335.27439092499213,158.72258799867984,296.9549198025032,173.8439013389109,180.55171496543178,175.44313938045133,171.40606680486331,203.5277975017379,286.1977239863146,161.55430583589742,230.31082910166444,219.11377177309063,169.54335709520853,192.04606427344422,181.91976956132208,179.87855601940151,198.86611120852353,169.2097696865764,169.96238476997328,209.77357377836017,195.13871296179693,214.2787657665086,234.53889058466223,164.10176859970642,161.7146415508672,182.02967567737252,214.38051036912094,229.65396228411547,175.38914562308733,222.40423619376793,198.05530928322037,128.7001609226236,233.38100657202617,230.602671882581,161.4193732335547,251.01487724964187,248.53029748195394,309.33618936593564,287.7443863128499,295.0285766340707,318.9346224546134,199.5061459823335,265.6553668000014,223.18398861755853,200.84951989743735,251.3115161540381,290.1792466308088,271.89171240894564,349.33846835874766,276.19791666229764,287.14230749555196,212.28592734624053,235.75127797937247,266.4289390794507,281.0788242577736,305.8987546626457,275.24032994903587,200.96963075995683,279.9231354027855,355.7140856925049,218.83757755201793,263.86899919336537,227.9430239935318,201.38970266536967,140.18199898453105,182.487891797692,176.06136834496326,263.55877173505564,163.30648272085512,290.3665598304554,307.0100824170555,368.0164128508234,295.7958239488096,274.9393790146116,246.07159787195314,187.6371246594715,264.87208960234625,234.29774834897447,187.21623918033998,263.47150427918103,230.87186979903436,174.89430096239047
279.7639512707911,269.84456482205104,248.2809034864454,285.8919832538401,303.58251694719564,308.2911145371733,334.89139819070886,256.37837868379114,271.9594931088575,257.7814975671749,315.18025000181564,209.32948012397475,232.18005253336887,182.14791055116694,273.9637603084779,123.23454871660537,262.9545893914433,201.02419313343682,227.5517410585757,142.01242452421496,219.2358246106352,132.1939523014369,192.8620500454174,195.96089731825313,225.35462478812764,232.9119356303142,223.36816711087872,151.3813471966613,179.47658348255462,314.7936627751051,240.8691766367713,241.0905982842966,226.4435067426786,263.73363763712774,282.8172170887921,131.02001631742374,229.15947279119365,251.1291540651614,268.8798779724561,255.51799417482567,213.15791971889456,159.99042245844578,228.64016794887007,254.1057326438575,260.948962792803,205.19662105571052,258.28827282145215,267.41326917397527,291.7915333095191,227.61783863539583,289.64824392833845,281.7735869014492,144.7222840665885,228.10128125622214,185.81653782499572,274.2965483492994,240.9027783202925,231.40408853345252,293.5634171570442,217.85242842155574,231.49526575050663,192.68646182240056,175.53685110959347,271.603807066317,295.8882716345761,257.8481039189088,255.65490837956838,239.4986259343276,290.3353538244118,205.98512740018086,296.1773196524268,291.0377904380406,272.6099804381251,309.6099441196397,296.8533437331649,159.45493362287243,246.57941198758067,282.2701592095056,266.9268696002613,342.4341481425778,263.6700504599001,193.56151789969508,267.28804386624324,204.2520214522074,254.734913183554,307.8897493466947,157.05151531062455,304.8564713671566,256.15472177460987,176.86262057427572,245.54461166286436,254.15128994652602,300.75062414515673,168.87085848900688,194.7358068367344,237.76152744442834,273.9223634561676,280.7988872031807,276.07381704234365,132.4358502422797
269.76742882512025,256.82123480495454,184.12511567095623,271.28155188740607,289.2007225032474,268.7715200080217,263.5997770894422,266.0193991050454,314.66238680200604,327.17135430552133,242.00124780685874,264.3491037890661,295.58090278778093,257.8902040752513,246.54439815572994,132.3167857676605,226.48636165725017,247.97916845901366,271.0625909925874,154.4045647202416,303.9653381710897,143.11166089059006,253.9745484190632,276.5211067340438,309.548941971957,268.0228880906438,263.2482548339861,158.76458441028527,219.13187004364764,289.4267607402293,308.0304314708913,292.1510450807661,314.3501626533979,298.5468604067819,322.55827830506547,140.3673206398542,347.2467839851808,327.94498597748577,312.97942410605197,310.656765612015,213.50921553087807,148.72185454555515,323.2672439543855,328.766471620623,324.8689445693683,306.41618247019744,340.96126061090604,331.9316034629429,301.68656665125667,319.4456534703921,253.55664273170842,256.1134920034571,156.46505863970324,242.7337471886369,264.25787094823346,347.04433668085676,312.4858118822428,325.51442314890727,258.66367552837846,256.08262160125787,269.5551482576234,304.8226983491667,210.21228648401032,276.29239248964495,327.1985483674227,276.24101539528255,337.59501293312877,287.79990403115534,274.1084122530321,238.77757906604626,224.93318940973072,207.6326665514534,182.43914806289067,196.70945609715625,246.40419321935954,158.38250133200762,198.2598727796184,275.5103623318168,251.05428589711792,267.83319555740275,235.28924167521913,215.4396732998442,283.78104221090587,221.1793269043869,277.4586778036898,226.06522236822136,160.2098190293849,258.82011677357644,245.96815980534498,241.5098304876482,221.95983356777074,311.84972958117254,249.7985784766633,169.5815860862579,209.53996157257885,239.0496354293676,327.729572816129,318.1787677879483,250.98520368238698,140.8345613847171
296.96968533847183,214.86963145722373,306.8950529396975,272.23181167466095,313.82430933583305,296.5664334290287,313.35522069800146,262.6569267538633,279.5948221484745,290.1499294526117,366.7975286293434,274.38001537060694,270.84465309500223,272.1539837857577,296.22449863053674,142.70358732547643,356.58787391925847,274.76716578120914,250.19584631686305,144.43504831424795,305.3935501079503,146.54972883835654,321.0338908859884,299.89602081366496,330.7671091761915,301.93411612079456,269.7322435408424,151.01560717471233,265.78537296877965,332.5491287424333,347.38570066061544,336.8234220107428,393.12310004190863,356.05675988114837,375.45514501722954,147.3751729282696,356.798895218314,352.40357161556904,391.386551868912,335.85452111090194,197.9017326448122,153.47845883193318,319.96874650946427,366.5752218237787,359.8949253880393,290.8910823176699,313.0924159846075,308.5531442014286,355.4596297244325,308.851973257575,296.75892438518224,324.39375827555745,140.79999724245573,312.5340095739307,232.521529991869,329.7694297812067,304.7316194467038,295.5354623196329,299.25437045527326,278.51069663011964,280.00388453308256,294.6515861345037,154.26974303968595,286.5669420328685,289.33120285076996,298.02609427489574,279.18297562292616,222.27862751354107,277.35361605099774,238.18868244462547,280.7930799593138,300.1074668393878,244.94439729213252,307.925884198823,284.2955716225736,149.84131878475094,248.8320270978307,296.09679132598694,325.192499927225,368.2869581275775,297.1863738209195,221.32714083663166,305.30507315229903,209.83878376347187,283.99862093592134,279.9761242926922,157.9814051157504,248.68329526155844,334.44545181997034,256.31022107449775,314.34386811886696,242.39004162555509,273.670196358713,168.13628269873792,289.50577842299424,285.308488104195,284.7866674449596,315.19584561526284,282.3894661302357,147.88153784690502
340.35213105845094,213.70385430045047,203.6634017371799,307.2392263801574,299.7304861775606,318.2195402487121,270.72034700110436,259.80608531514486,334.97844437019495,336.6591967018045,219.59407550385572,285.198486532452,228.36413188404936,154.6401822790482,248.34878047897845,167.62374115366146,198.09540823508,244.10876307843554,297.2776246264781,172.0543289305902,253.79491062030283,166.03361073051008,185.80447515191153,190.47564838511158,231.8392402851921,176.6245000954962,224.20249527991854,180.78062592222167,252.22811039626058,227.88479410125694,170.2667607974191,190.9564114124433,204.2540677223014,215.77423096631773,213.333917250404,167.4083768742493,187.73861670007483,184.3975495153025,243.09786948039493,201.41401629256163,188.8516273640886,183.40474718648733,216.82948635952445,187.14772892382732,206.03409890158767,194.2596455969649,231.61241379403614,210.4407996420465,207.7434628794376,246.01459045105887,144.63006862078498,174.94049338836234,175.223972463541,246.7071675837154,229.6769994119241,263.47578848452815,268.8484751160935,260.17101751788994,269.8878506793749,275.7630164459698,302.1238880044515,266.43496000461636,194.83495519394472,223.43019633982118,220.1833714446182,359.01296871982515,201.38895517809414,228.14119903490715,324.18047818360355,213.56182047655386,229.24052997046286,271.228718640118,229.310061620541,275.573518405421,229.57979866317697,242.5435760999413,269.35496783171845,234.70154295941998,224.46868317167977,230.1101486630741,231.57129469284922,240.11842797869923,305.59558343699626,162.09746222469326,233.8506566804083,205.77654143299947,178.99710719404283,298.72036242288044,269.3442107025603,259.42186193694556,183.05055513548112,227.47973513388914,222.00259192196012,198.85739601454276,241.02205832813442,243.31451863009062,216.5616364576598,156.33512116703855,323.67550933414685,161.17970735276953
370.87188002760854,318.34162307623683,307.25350215054317,337.46268567198234,372.8521846560454,344.3544711194754,299.0123243350295,271.8802022932326,404.3839898646479,384.70547799344394,268.6824561283798,307.4575943987382,209.93911490939965,177.73741027052037,349.8594178445911,176.308598966753,280.1442779115429,259.55466013442134,309.0141495468811,176.03112336400355,281.08888466901766,177.85653260640797,203.37364275578454,225.4953781631119,216.18556664017817,230.2008091441844,243.78284639258757,182.87871212853867,352.9404387057071,307.0172199983932,177.67635327005095,200.6280930204214,230.79228946170883,204.6797922757249,218.5538661738033,178.63041448474144,211.45593226179028,201.18557582680634,201.0642943295709,223.27657044747102,226.4892812133493,187.34638627772836,184.06780143218458,185.0812090656164,217.40056625179076,197.1301928597674,189.57158591154177,254.38495903691827,227.87204103900459,182.78931048688258,194.47283976304524,261.13812169061913,174.32118229320878,268.4211164970425,287.32554738925484,221.0698757622067,220.43526214069783,216.67391146970462,282.4513128070847,311.6568072356821,304.6529163465948,261.01454515809104,187.13118178277858,191.32744546281694,244.95146939919402,411.404698823401,277.98734649218284,332.316695599393,319.4254559833764,312.9324870560579,283.3659299432644,285.93409095733676,294.36547152565703,303.9807962854606,256.09203058366955,262.8544210558012,360.0376212075266,301.24760943037205,251.60395164437742,236.82950110690788,260.05359121871186,210.16272157895895,244.05038491346028,228.1558313160522,221.15799310848112,299.2250539496992,182.27035840419555,318.11359434003117,393.66632470728587,354.47564681028905,267.989469631972,237.88420006843057,293.55586980247745,211.7715589764243,270.6286103045581,263.3428755957596,207.42172855235114,234.83745100328787,303.06913336111205,178.00347916336312
332.00401317882586,203.9970336274073,293.1909718352592,202.85156596539838,230.80913339496664,183.6754941967586,198.68271229834298,391.75377901121544,258.07158282358375,308.55347880551915,268.6588637184629,316.33718235673246,323.17236041128507,282.52319409981277,248.73999828536506,172.86554974081997,339.15150395262674,255.37979139591755,322.0760540003403,170.74306125986345,295.6293768876224,173.60974449053077,333.01208727426786,344.00687342030415,319.718999185532,306.0023048848668,291.5220046172886,175.78836514291422,220.74347591222678,243.31296050556554,259.17687330194366,323.92548955579554,316.1516322319028,291.6330096404099,294.696096629935,171.5681546434743,262.8061925398595,296.2119497674839,289.3965462380252,277.132054376838,223.03436476067313,185.47983183394817,245.8691673829257,300.3397532061729,292.71530173545176,288.17944811467834,316.6037874353303,285.36995962250256,271.07312325285966,281.30231639604483,234.9078949888692,223.4891087168082,172.75350994348918,354.5698593002388,310.70657267683725,352.32769596408167,391.205814936389,388.1091221963996,367.70306438392504,308.0891997234295,351.7119268422895,309.8967686043147,237.2203704041721,334.06136101917855,318.4878713344026,250.52414259970752,309.6304335313419,210.94975494616295,369.53537234571394,297.96628849658583,273.0627552025793,313.78693821864704,224.1458684216765,324.6644853648743,346.7047258134323,201.75745024139653,274.5233931858198,382.83474599241174,272.60480124855883,272.81139346390654,267.71427949765007,208.32475728674274,336.70722183164406,268.130519736964,307.12072922385676,315.1191216065964,177.12946772082648,235.5276724400017,294.91098725152034,345.31402262253505,218.74249051882165,189.33344670471593,220.39065810735318,199.6364986544666,254.98556808288936,292.07853305258834,352.69844195566094,364.77595325021065,313.71730605791566,171.62750310483295
355.67805937437674,292.39048502200967,324.54262204389283,338.99502601191324,341.9004099632745,339.91308268272684,338.9760277567056,256.060821618007,284.1490593466347,327.5761629678282,318.3677328627836,302.37513311618216,198.5360658150899,183.75035733357902,315.1470910426798,165.90057328954146,252.96168021809046,261.8574449465132,314.3712397998237,170.89445128164039,244.44443728491922,163.19864481915448,253.03358280037062,267.17886684205394,249.04911000198152,257.11702370032805,338.9173162055923,179.9376371073805,255.89806604892127,269.9586475287554,252.94585446721086,304.5483033013692,289.2000626890793,291.53236477504765,254.39651540970408,164.705333946058,243.43285559229153,270.1404973096127,287.33838289679375,277.9247955852889,274.12054166251767,203.03697202653467,246.7359863791293,284.96292450289263,246.17803036884342,231.6849029923575,281.9338213453806,293.4817722455844,296.9372946721745,275.6166953981739,328.7609101131081,350.63671603169576,180.72336172188483,305.6796795745294,267.7400592014659,248.10299930175972,276.66901622999876,273.5343822714539,320.58142467563056,308.4678983368866,330.9885931796051,295.00331052429357,212.3644729780512,274.2122326688118,286.6167031066762,341.7630377716551,314.1700651826469,279.70049552861855,281.9753277276774,300.74323340859047,252.63411365039448,302.13427686535545,301.47407843281826,310.2427386578356,298.5396629415372,203.74173516186312,336.3593971196582,299.5384090183151,261.16154798711574,294.3008560098596,275.3549767336286,183.94127106475045,250.05460781975262,247.81450839402302,237.90975070532673,324.6453301871675,184.0500963718546,291.2638380864107,260.30814714152945,289.4233246358064,337.79989053083153,305.716300737915,285.4116074282878,207.2852258767117,263.49385952710554,311.3738911884184,235.38592459135455,243.63072659231037,307.02160308108824,169.64668691324368
357.16618829480336,273.8027133693158,256.12657743821313,332.81585834109256,330.03712558068753,292.74644990393995,311.15734944799163,341.4685758493784,338.3408714244948,331.1763451084586,306.6547483471671,251.03950043320185,164.20286270935404,274.37283152315666,340.40816953501184,165.0540017318972,357.44207453848276,237.900884232142,207.34947294694973,158.7586758606529,239.93804844124057,158.6222218795897,329.6319775732294,347.71901884013374,380.5011356196862,311.2186614517398,179.38113508326174,167.79477926673013,351.0913064516709,292.84756650935077,211.34686509523476,288.6730078655825,272.4127118586961,296.70363556852703,294.50413393512974,158.78542647889836,265.28870239894655,287.41089519508085,313.0100650470787,280.95730474166436,320.86619713409743,177.03370074826623,232.9625605861293,291.82432066713443,261.76917907413554,280.8691648170842,239.65395344438357,290.2892948426965,285.18144555131744,336.641002670074,213.74093605609556,279.2151232904352,163.00092045510195,295.52321192326895,355.21891585689696,262.6947400762296,237.76457972714888,246.2564696972855,252.86214977777047,268.4039285571901,341.934064708043,315.2786648313852,194.48191515082064,223.40543432978896,206.62906421018644,338.4010555338586,319.67151583063804,185.08946638872897,364.5817253578312,345.57046853891296,261.2996506228951,339.7243362556032,293.43491986683597,310.10666282065966,259.36077778805986,197.46748407084235,330.995100651331,215.64217979792974,335.1027481152634,348.66470366355685,329.39848957527084,160.95000781792834,291.32642067438616,195.7890346994823,231.54867296578485,249.847668575195,164.2801756314848,229.12429088584085,335.09330068678236,268.1751006728675,295.73862684780795,295.56441363968514,290.90211085112,190.28257298426107,232.0207625830177,254.29786877296954,346.1607588326408,282.8678874208889,340.78779721565866,164.62342179737144
376.9707845274379,236.61998066632975,308.8440441584034,244.4083703717972,287.9525236769493,247.26073118158993,246.93774020053698,325.21113958206104,310.55067911367144,348.7016471131859,267.49178185995856,218.71701725080155,188.7034174125999,216.16904954224893,279.47190770733556,123.60373081557331,269.3417070181673,213.1868000867382,227.03469748711342,118.46274215875765,225.9506886062716,113.92456225879161,217.6157311304294,249.94082008345262,235.48931347006277,206.95841623057314,235.32391335848908,131.06892730405787,264.6631847518725,288.74034947604986,225.4480526901604,289.211885228836,284.8028398147946,282.6419793229969,272.3127949397038,115.73358000010585,247.153392547116,286.8376439036913,255.4531899598171,276.17230257064705,235.94549360736536,138.8893800571619,220.87848972988502,262.4358917447323,221.29579597644994,257.0732421808375,236.5884635800234,266.988259084995,250.72704119596466,240.46402235226077,268.1668685506031,285.06486010778895,120.53744150707513,284.9147228465788,197.35156019337262,230.30156334744774,184.7386767732794,202.72578876782907,257.680390590511,329.6233890412657,324.1816150711605,279.48081543364066,192.38782205612918,203.43070113128502,263.98258356014986,261.11075417931505,296.328106773706,179.1866081055512,328.1866008963448,310.0318821429151,275.9450236678028,291.82725079389235,272.68876102343734,286.10095547895924,259.3544867275279,176.15391738660395,264.65577005641853,214.85744614659117,320.66915394941697,322.45551992054664,318.5039150132448,49.32107270136324,225.24286522636476,216.3421066632086,168.5327469362611,342.50871062353457,121.49837007053675,221.79180850632656,258.1952922757843,256.46330418390875,250.24935844927185,236.9175379641689,213.0148179917019,162.09595248708803,174.56565376903964,221.19481252656948,246.87845124983585,274.76478742853146,305.88233738475276,131.8383413498448
383.03782517419444,245.75330879871646,320.19540793098605,252.12856014496987,289.8107172101857,239.31682744456455,253.04302291900464,329.2850685210664,327.8426177525785,356.97226279579615,294.3862348817848,240.40388410892106,197.0690072888187,222.77975391695517,294.448360116467,125.42628384019547,287.29448212296836,231.59230597916763,260.4390604646806,120.98589009387629,265.68265719119523,112.99587556213017,231.79077851233362,244.0755140993369,269.92069624991933,225.77381167389774,243.10216522315304,137.25861606755052,293.62407287335964,309.3856727523024,222.61640704451443,288.97425628419415,287.6810082854236,278.7769688914376,262.01942067935653,113.85566625660057,252.27532832893374,278.92549222457717,255.2886736714256,263.17233334067595,241.3952766622724,140.13099450619404,212.70709354989918,257.15004294822853,220.8912917006405,282.9344971771327,244.5342614603573,259.4024661181041,242.26624879539028,236.26904693592846,278.250941442027,292.74264058864054,118.53501210378988,268.1879543558962,221.3903615908327,261.4974844556731,231.83248146936202,255.0641834613488,297.49783984424033,310.50174095236065,323.87920148248884,287.9507595832201,186.72398760150793,249.4555947373354,267.31164779694785,285.42719745308654,293.7699345030775,191.57017665449698,360.0889867493002,344.20307858966817,250.04368699484303,304.43667199641,272.8869393997095,268.0289975241025,249.39680913227718,177.97912049720202,275.0112980709601,235.53829217475771,318.6155114387063,316.3456116276822,314.19528630271884,55.53017449564219,275.47776542005744,236.1785071766997,225.69066656556654,358.3381369526912,132.8341159725219,256.3994473845373,317.39540089361,269.345155099026,262.7651663283023,217.9879266617242,265.20012455414764,167.80613544330149,193.38869494142622,241.533998853319,262.96117581163435,285.65641008631917,323.6059419532447,131.26065852006815
361.2734015265359,241.71076901983568,254.99850932839084,268.0026216430171,249.91553470426186,254.7636530509062,332.8684341693645,238.70700045525317,275.16244411238563,263.83486412641116,266.3139611694237,239.92131143962825,283.192432806337,216.2208323948784,302.5590989677534,157.71925262470052,243.55462191743226,254.74287087596207,265.6542680763893,146.20638478635232,289.582755564027,161.2969871687749,222.55849840492473,202.8167736078466,217.37000530371182,232.1860644547604,185.7258230071203,153.12302341662382,228.6888105910366,278.71439285455176,213.41651472352015,256.1536823322618,258.91645724801816,249.73986753086498,274.54289768328323,158.82987533890378,269.869212468412,295.5161604998823,271.73229413906523,292.6622811572683,225.22583128248627,158.32116138082876,246.7570456079088,261.202083063903,272.21317439762964,298.44968635772517,235.07126244212972,252.7241094400785,281.96509325777635,229.00919531132507,242.69908184983095,250.92431906272472,145.43350489100334,317.7827172637686,241.16963238257952,295.66386038825067,221.75420403904283,249.05430165119245,236.18844196613054,224.15779313737983,252.89179011711607,285.2545188207911,194.1947081155657,223.29518644368756,326.3646900192576,277.05628581503123,336.93851609124863,240.81953884048892,326.54895861873393,238.7002216027273,230.528596617358,251.6890938519155,230.1063566394545,271.94798828311724,234.5785726115611,182.8858677842375,197.68629114527144,298.1577251371752,259.1667764742566,310.5111865006523,270.9654238499221,190.18739196086875,208.34045497510218,165.47526380223138,177.53926794117118,222.97508310921668,148.98069027927113,331.59105764679066,286.01813971534244,260.2688931994038,258.6224958582293,313.0153546976297,241.82492621143788,167.4162489922706,232.97975370650389,247.96666613218358,260.2485989077154,303.0256031455372,215.20785789185504,159.6168300910205
276.93089567068154,289.37856745384204,245.8336200431676,271.63913481743117,275.8549812206803,235.03224405892675,237.27014500761706,241.8892737890903,294.76597111068304,299.6268875654388,253.59697805713878,262.2793500721172,214.5774527708761,229.00849163840715,257.59207436004607,106.63524942228935,274.71618903620293,224.16191687182686,213.4225449027885,120.53892170545818,230.07302711718455,106.9599777350624,286.05849685014323,310.3078387788738,328.45946953234784,309.01354802920343,241.20321884857168,123.23122893189516,189.31743988710377,265.7391194780017,279.15453028710596,262.3237949853219,272.92758328535245,282.10139871683066,284.2758865005744,105.06283223088988,285.501348801659,275.7757409064421,272.110757047444,279.9235091164079,250.9723079126414,138.65169594804837,278.5711558622688,303.1262203677316,304.6490356334482,244.02860762414073,303.16906603836884,274.41216977043734,307.9894220797946,261.86937036804017,246.0395302986637,250.8922645123031,110.01840586004228,267.9521783627671,248.85686152126004,279.68692293348505,241.7870725021976,239.15281936841222,240.44899065880705,305.7566350719009,259.3605666628184,260.1994653767611,164.50130850881436,254.58247108457118,198.48229424150338,256.2326000600112,294.39730074534685,226.09476605406184,280.36730702971477,239.85881065714526,233.72974787787996,237.72603168620475,204.2187214217629,237.8581181932968,236.21759375606302,128.71664354821036,237.7833956435116,217.27571904693713,270.984019302659,291.86037158322137,243.15224714082518,180.42805464354322,285.75809058176395,237.64910547637382,258.4937815776848,241.2171205874781,135.85958371412408,267.44485724921356,237.77138805185913,238.09242412947097,234.65285701626348,311.5565818780409,238.9658208656519,156.7542488439242,223.48914504403817,221.13551744547922,302.7454253746268,304.925275489129,275.89433411940263,111.86109555730029
266.4428568714133,248.01571489049363,246.62356795955873,249.47545247436554,301.9033024777521,263.55426077051646,259.9914732998792,284.1554338497543,243.24160816330848,298.4560491177109,295.9459009051007,284.5917543003635,188.80516624936072,199.81634825983483,281.350002936674,102.57224884595576,282.6302700838861,181.23956356695993,199.12458981024452,120.65135838146662,214.23462371801182,102.53883951191777,249.51838438830995,254.14574063021794,280.5558288628888,248.8617979536629,255.91827723997613,126.82068310908986,213.84345010248074,291.3542604133499,250.55404908557833,258.7982198009238,270.4877498903383,272.5846389478669,279.00042127506146,102.56331451611277,260.5642196853431,254.5847922803816,263.8479981075657,248.12631212991388,228.04586320802827,129.7112190627755,238.83978952290485,275.33662394856805,277.67050062110366,242.69127040135905,270.7650466577278,272.3590573025932,279.5216507112595,251.7143902561785,256.83015372005923,299.31372876941964,114.09118796825167,267.76214991155445,235.55821967790257,281.9499922140753,249.20770156065538,254.95127957427766,262.55872880624196,257.11387082839866,238.15313287731357,223.7550000237816,147.67293094498092,283.8348124902295,249.87199692940428,312.31060851405994,276.9272425307549,208.63109340175947,275.3499529987987,252.5371263623128,280.3040284956302,292.9073342791622,232.56019059854736,286.9371080758544,271.2545995198455,159.92325859986153,272.12414258867483,242.32455952895066,249.5675250050329,261.43929976875927,228.5697403748127,164.21342165413088,271.4242487658434,170.83147461818405,218.65202202430498,261.4980501389109,123.87424018895935,214.2559581067047,264.9187924655446,277.5097039328264,239.15188769436924,214.93162919108013,208.76576871638147,152.84659880612,200.74831370267262,216.43616446392537,281.3048544563978,281.36285719707075,278.88264209133837,108.79286560525404
279.5175726063078,264.6902615725245,272.21305063899865,276.6478386255081,301.79652293624457,261.83292292913427,270.7805085923011,289.38799042416656,252.09614661614017,315.9237408011762,297.424687678993,310.28954177034905,169.31995032789922,222.26503287727343,296.0188547272918,112.9751339378824,276.1182504567947,198.8146366652026,207.77549622765332,130.06629115463068,201.5652166260702,111.6883746467851,285.4297036756763,284.53638755946645,310.0806142215575,306.55412183945407,254.31346368711104,135.18095846990892,206.33125960670057,292.1737721106998,246.6726972607885,265.0229777224587,270.7104848517074,278.89917760955564,302.94245574265403,111.24860455219356,256.1060008740195,256.85272772218553,268.5569403889754,253.70431698163765,254.97219953082316,147.09343648659777,246.558310838592,303.8502145395388,286.86486685847626,234.1627614471702,271.43750471661684,288.41411214055745,307.007343986221,273.7889194333101,242.5925299756652,284.29287401641824,121.24962798567512,278.7369096808074,283.87043914811187,261.4169677766934,240.0821643968918,238.87249378965382,239.74405113377915,275.2150168728208,257.5173986269223,238.2424213036747,155.2707121693829,280.4083942445729,217.67518445558574,320.0073607403544,277.053493139486,230.93098248887316,311.8894792646719,251.35606314752422,285.32158815595324,298.09805997150096,251.15322612599198,299.91417981760566,254.46479822493433,175.93552991396487,298.01857716392556,269.45186515538865,230.19882270569377,249.1539900945784,218.94928724555544,191.11512747297903,270.19894386977256,218.36555856004946,238.60945327079702,266.47400439009084,140.8311703122097,237.35846988283558,248.40462741209004,278.36763093391716,279.6806370954954,235.9135980591163,217.16211699590184,164.60112791146574,225.14424088063907,209.50924486181822,303.16276555457415,300.6322041881513,282.89322986626144,117.69697956357146
262.1460993658565,258.6741040469304,267.35208272436074,263.8604999728794,309.50532214625184,258.3559247112697,269.6876581046916,289.2838315626425,256.4204823623965,288.38227893770375,293.9537766494202,297.0786031370486,214.95042224211142,217.29160590103518,288.31652892831625,116.13982000522171,281.27877138755986,196.99344273078148,199.59177796109364,125.91540167861035,246.16813389089077,112.984945612152,286.2419761420624,272.2278552978086,306.4454905064885,271.8685242647726,236.6316019964569,132.42615855175177,220.41359622277497,325.348792944134,289.9011426240197,274.76844243611515,292.0149440080367,275.0938590079905,322.71780937155296,115.3977018153984,289.5269638092506,273.7292817879086,261.55273646675045,257.61318824365543,241.29881586151183,143.78735663221087,263.16344515660296,296.9298286835323,300.2362769541951,264.5623915272847,300.3794998556584,282.33184856330627,292.913430297714,276.17588270800377,283.9878474850408,305.87351839320735,123.84483616342733,271.8159119413315,241.6240269133552,285.62038439424856,254.6575725668969,256.0245845732478,251.5623693095679,233.3919406157767,222.6523338365382,197.10345709839842,142.53730406600658,296.5900124467713,259.9609508714528,316.22497448358007,281.52687024799343,227.15425597526053,268.8940866067307,264.37514954183143,295.30442418055037,291.27681592216993,215.10866872538443,295.81891323611933,295.4185141051198,171.98791820533964,272.46171126266694,264.43824557778464,281.7893818257613,285.82196807584785,249.99126521330652,162.8344188972567,305.91878665752955,215.38015198382732,271.11547394096954,267.6878351807018,130.80193640278537,231.61801327558163,291.22325039897214,300.01090285531797,280.7135104847561,220.80788576234693,231.00059384508697,172.6652577422634,210.26353313981306,232.93068314123013,327.1222979339886,336.41288272724614,288.7164170230087,120.5416712097875
300.71290486444093,259.29775422033924,289.4272233275715,275.034797155057,297.6180630430906,243.70455326297278,290.2108938305654,298.4361682801526,310.27451699715766,325.09296819251847,308.22738355131077,236.37556346856027,237.87111472906292,234.5301246320634,274.3546975094971,137.47719078170616,313.10736902189626,252.69028007251904,220.3617336581986,117.98179378833471,267.43521446366196,126.69025399224635,297.71046438471615,276.7469572564894,330.420523371494,286.2465971927969,252.41683953539314,136.64522561140524,253.79920828346425,290.28724871089344,290.1039116577102,330.03092042048473,330.0158855696643,334.63023590303374,354.8387812262394,130.16572638720692,311.22524231734735,343.6720654528035,329.04826835131075,330.98765083945125,222.34659881958623,147.7970857241122,295.2884354250734,343.2211169680256,303.3177157741182,299.44504395527645,301.92839220204326,334.08735847068397,327.17569098447404,293.3249223146071,248.36851439430535,293.4350844247001,122.50860948798379,289.94988278448255,266.124463608474,280.73995164203734,272.6992645111376,261.1858087543648,225.52971396509614,309.64828928610103,295.66815969436254,288.91929633530486,187.84514492477382,248.6359606365638,274.390974321617,306.69118900938156,330.38417925591654,140.03750205068175,313.8722180281293,280.7157008368966,296.518959529035,277.50511344797644,239.80338269424868,271.172581540184,188.37209273106905,156.61911576215243,285.5855404901164,204.81606291138493,334.99911303677493,347.9106422093551,324.4088730449859,78.15155862670609,267.0781362453856,219.62553366955228,187.60594507521301,279.43710550570836,130.03191783425288,203.11600344127743,225.10985127588327,206.4335755207143,301.02710747377677,261.01250898968897,235.6623568826118,146.75682836930574,229.3231947877162,232.93723917380942,310.0354320687428,319.9051719983348,300.41744666590637,141.95283771098678
324.60105183311913,204.28360567248725,280.6246148589167,267.07346898475237,295.72756751579766,254.45260045779966,306.59706439260725,329.62323673613497,284.237863129717,316.85888812004197,285.3917573679471,269.8406051115711,280.8261847667147,247.24616095537596,277.17672140487736,125.66775169783713,311.67493287790273,184.75428810420607,184.25404264229857,106.95080950179042,207.27266920790018,120.55814681828085,255.46983048003065,247.7692710390871,274.7856291511718,254.8668357130313,212.90196351345304,124.66390985980024,259.41215545054285,272.5131752071269,243.19175848994274,278.8164364915462,299.30626822295426,261.9614955880993,282.20904317439374,125.64569655837376,263.92366501817475,307.1957976591561,271.0964384275829,281.83817752983543,186.87553827206972,133.64915392432792,237.1097293827906,285.2357907845817,226.31027966210522,267.4699987713668,220.55947700239705,277.2885888078068,259.96472199167493,272.8353069799557,236.90839069057162,264.36444436414456,118.33038498434901,281.2912092446991,258.61300281143644,255.57916472889534,198.13427383631168,195.600215507663,223.00530153235206,301.4257609929212,287.0071708467489,271.25442007532484,155.10040378579916,222.10149250718842,286.839509402987,277.3448848832562,272.05597016665155,202.29350239561262,304.5216356611273,290.9467405890355,304.6348683795455,294.6889003747818,250.4577801905957,289.04998073853295,281.3765972011817,179.98592162668402,277.8417513708241,262.1309746694078,339.3984812539043,373.34352367787693,356.12280600485724,83.83532061480041,236.61103355916492,196.7886355181242,212.721950920395,321.40888201741996,116.12538536492531,242.1856779602334,285.7697477996267,280.2105016722699,289.11836374001973,219.54149201899895,290.968187056864,142.54631076695654,172.7186939581954,247.02648983554727,270.8152502253828,304.4495310078459,254.9438543288431,130.26132586546046
369.4581093038494,203.50857664994072,314.52938939778164,283.41013369685976,306.9485445803377,265.3579534813872,302.37903347408826,350.26131535453266,309.6072972514671,339.40185698989495,311.6711554447924,284.5390243345843,271.12154280252753,264.7385395361171,347.44064432189623,151.35827002046986,309.9402001020275,217.9905572935051,205.19552893448284,135.3299892487365,232.48983498218146,143.51031478845317,289.18908585281656,271.1467433987726,291.3144910200063,290.32114658082423,196.94138821712966,147.82245011759366,279.97349112410257,289.78912264343523,248.8739855676896,293.65809868573166,313.1003248256399,275.12656984695906,307.4774558219773,147.7272975698305,279.3724839386217,309.23468953483405,286.1860430868652,285.69908529700183,226.0275964720736,157.76923774037243,259.42559606770084,305.3181010306372,246.1611492444876,292.98131610184623,234.2446167739249,272.7166923461548,285.8708867001304,299.2823966233304,283.20022767066547,294.0756586877035,141.1028130230643,344.02617886289835,284.00139311977824,256.3788718706563,187.2819336190428,204.78349445401867,259.7932176515798,336.37519002847733,312.41955677338694,299.51739995271834,191.10933529288806,215.9962450805066,302.8863387422163,305.0684385063486,277.77129909649705,185.30107315531004,319.3053116419805,323.5313618542276,333.06227224041425,345.8680292319324,292.46983603046334,341.2905372521104,326.64124155945586,215.690865713172,295.2067814905723,272.28549158282874,375.03004378724967,404.6451649856464,390.7879429817874,113.28598520991775,266.8768529825866,197.79405791752683,227.35659036750738,334.2580121022158,134.81607775867747,250.2741854014841,302.6871748897632,305.0933886744012,310.4915283375455,245.63076245929292,301.51562937370903,175.58934357314652,195.19727949186085,272.12489207607706,284.7631775962185,322.9607209247813,271.33571752787276,151.54144912097033
316.55353481564873,217.88008992362313,279.52529782920016,251.37855650789183,285.48321314160336,242.47604705600477,298.7101003602874,334.2731506932882,281.0643730218209,318.60332745649777,304.97064020035737,283.89424676494787,266.5139248655393,239.66473106233795,302.32074311849215,124.26571548318513,299.09284746577475,178.98112799227832,189.11439562427478,111.18063403552085,210.94970988852285,120.82940918034723,252.84457283481174,242.02071911193062,278.52252506912055,259.3936425167698,207.72838864090582,126.78950405540763,258.84137147480885,286.8142932503352,245.11913364785352,271.90453047447704,302.1434077045618,255.96322777606295,279.5361107527968,123.72751334507446,272.22652203467635,297.8958837503534,263.32004959355055,270.74877932956576,201.08599664161164,127.34930550101365,243.07490606196788,285.6976023007842,236.11749187239232,269.48207917049166,230.48639253878667,293.67408860067303,268.6052113750529,274.4828295546159,247.7630399317365,282.2587936580518,120.61503738823697,286.490202214258,281.51085870221186,261.56681138498755,197.31570469196086,203.02138465599396,227.7758851849484,300.51822815551253,279.6981829425416,270.48383671451904,162.16254378521018,233.12877586066696,287.0681138073774,310.34046782779717,270.6183643932452,214.00824483874035,309.187595875413,288.14915725178145,302.79522123867594,302.8602774158456,261.43693978561714,277.6322748821593,287.6201333471265,188.79153081184512,291.3166711403416,261.66675635870877,350.0190064861438,374.74298057769744,357.16044174852044,89.73312589591804,231.20569313001778,187.6295986275153,212.18710074711694,331.8638603818933,112.70328483423066,235.56958166975326,286.2072582433704,288.31658335275023,282.8643629618783,210.256091534886,288.3713849315635,144.75439032611757,173.2003361426191,244.449589077161,271.8581937378385,312.8873137045766,237.7304092177725,129.66343860244754
332.5631164714428,218.12742772100034,270.26551763619665,255.18401913474105,268.340676874154,245.7149097683115,322.9548277547791,313.3891344059489,284.3035039928389,300.22152260072585,324.48975618865506,316.2751288422117,286.1990018144275,266.4094869347814,268.1470264921457,151.95264682528492,346.8558846577378,219.649516261925,186.29378418491663,131.42440121362878,240.98550099415493,148.81668571078285,288.84863887369096,287.2112431220272,313.61901649472685,267.76620021896605,191.92811923999332,149.23445433415804,255.61927691830948,297.02972975519396,235.4083054423931,250.1113517494265,274.8535864931158,257.5627150226962,278.45463531943744,152.06175371159304,251.70795479777144,292.0177778304829,282.9343036219017,266.031690898083,228.2197387958962,155.93725525931922,238.2848756367232,278.1349040065813,260.98641237617306,283.317148978885,227.3896302625432,262.843723943319,276.2332614285672,299.92946070560015,233.44495470132722,251.18460611169974,143.65420095496629,331.52648063260335,272.5407697116273,289.31121441594803,228.03446037143354,216.2877908095474,233.6431255545233,295.18633912597585,263.271996737711,275.6573642797566,181.35553787981388,245.77558373175287,300.44893190785433,308.5687711806938,271.71302567172467,195.61486719677808,301.1408417542056,267.7694058927418,307.50644923261143,300.42534523563296,254.47709714508997,310.00905686360784,277.67271431408204,204.86245340172886,272.6838680017719,253.37615835512344,381.3842663056434,434.78991127606355,398.8959783720708,142.15794806478715,264.74862130552407,190.5531065547381,207.59695339714912,275.23380796051975,136.64422718051088,273.66001275653724,275.7485924811668,274.2376624729513,288.6449595482142,267.20033067047746,301.19392512630947,159.02471586773177,205.0324474785284,273.59574024996755,305.7469687233319,314.2393571838881,276.2370099758793,151.4610934093069
328.3646975677551,216.14786092953608,272.26601097262426,273.2612332990902,301.0178562531142,255.1574075865755,307.0365900659257,309.8899721151258,287.90832598529914,292.70055994551615,331.3915360414428,294.7704901212531,249.55515942936924,242.3530107937865,302.4114477201462,141.2747426762263,287.65080177449084,206.27511709025006,200.15283396052453,118.93678458677537,215.51112922837618,137.10539656162598,278.8785856228201,264.48785671300095,301.8001031788881,264.9790539759939,204.4246693838362,133.4553609968531,247.97464309938718,261.196703361251,245.394245470452,295.594106057937,301.6193459107192,282.1322931031038,293.4061516624861,141.075235202044,266.635372650208,290.7143156964313,290.6375269051491,276.4031287652717,220.5343730308671,147.89486603552754,256.28571030466105,279.61717778988583,245.92746271377035,253.69519692996042,257.5719399891305,299.84119755142177,289.55642636750105,269.1980187975615,268.3438660047498,288.06796162995295,132.939301889136,307.16414372012144,260.076145537533,256.3798809604365,214.58637379409848,212.3543015795181,255.55605145962755,301.1881495291328,290.5547076288463,280.68162080298293,182.57230449797123,233.6721540226104,294.248801681555,322.77357970725257,279.84994594525614,203.44863149636345,295.28456995949307,276.3539838801462,287.83384145063394,306.9772762958557,262.3522302535918,298.066555002736,295.5676888051403,199.237300092123,283.11832829841643,236.37188452717416,336.9475837016766,362.27618525972724,351.44552168612995,99.13811765800065,261.70645660626144,168.805027954918,205.55276061043256,300.30998565500636,121.82620535557486,233.38522525475332,274.7768123670659,258.25943968896974,287.7542426562091,240.35302170701192,303.99256952730667,152.82738169633384,182.04773732817756,269.805515455557,271.03354874766205,272.4038007401769,281.9538281820054,141.29059432974594
354.3673280893162,203.10020355151255,285.46650846689795,240.81912218825994,281.9734141777763,245.7621322624332,288.7019872077819,317.5710289774972,269.799995079184,312.38342581835775,313.2692560371544,273.9677735838274,260.5001704159298,228.17569656250367,273.47553284167617,138.72508275080742,292.6961581621103,203.4055061353458,212.40867857626594,121.21151767418846,223.2539589268819,133.96632217924721,246.16020327836586,235.03812476035313,268.6965501094433,232.29015726611743,209.7454857827411,143.6005252650945,249.9267908656098,265.87711793956703,224.10469189804957,267.84596593081164,281.5780638459716,251.82403772269785,264.19813122713936,137.28070399646586,240.20300798983996,265.19293809233267,256.46338328726034,242.4350263587414,202.03415439766354,144.29266255337544,226.73030122244384,255.99605211715198,216.1697681083925,268.88994839253905,228.22927123147957,261.94767958923796,253.9797527391937,255.65104171577752,257.91695771553486,280.8090921896171,135.54926276061366,288.91295723398576,229.03634402836352,260.75655162135,212.10857550700786,225.3486340881282,263.7080253434117,309.88857043143094,304.7178229222233,284.48511380729207,178.42569216252994,232.8590247163616,283.96160487805946,321.6173289633337,259.49018672791783,193.0434597232181,310.0408238970864,293.88178543738354,290.4136519363224,313.3919560253293,262.2206449222687,295.42628884329713,304.54808313348366,204.17093800187146,288.1094613712452,256.1077938788124,357.35967891185174,383.9460798931192,367.73380228367523,79.80263715390538,261.14165609636876,166.91101691103083,201.83496683969292,321.22090308528635,124.83601878615261,235.42276411003422,290.3134695590692,284.072714552415,286.54235384904166,218.48190830014246,288.78169055736424,160.55259812152605,172.64980460716677,264.4448296853698,246.0025977054697,280.4166243337684,288.42429180368634,142.32900015232457
351.72155114492483,212.3760728202756,290.0196896126013,271.44073233556554,294.3879743553967,262.1814879001393,315.47409246112716,340.393074591194,313.528477199528,315.32757001137145,302.2027158863197,277.585128435742,266.2240504457711,248.79555069514794,326.4041390815606,128.57205708269638,304.0031088150298,201.58382397655956,214.55134643837167,119.49458354243093,239.04150676373902,123.54798314264502,219.7878429572096,225.41598454040195,249.09056839874393,228.85116554347198,209.48509568866507,132.3153402198032,283.23063275606046,298.61559483308986,218.88934918737982,267.56872914114865,283.76395183625255,254.70773333973045,272.1961864242002,127.35618648135474,245.08109791814047,298.56407315423684,271.17252304291094,273.43395859699734,212.82379632913498,137.41987872520792,224.46227182233756,268.0696424723513,230.69071405462833,248.73626332785136,202.73259014018763,271.4830375084123,267.10164396528893,264.94120101553943,240.14951819541636,268.35135951123624,124.58568814017345,286.90144643080106,265.1089879621444,241.28537457599185,172.69960373312725,170.63389597970678,227.3473348108154,303.3312206877022,284.2013197725102,271.4698643615778,169.3204017173197,212.0987484927167,304.2357033499815,277.3991005473298,273.85811716378464,221.84038861946294,326.51355943712986,285.07674007381553,315.3435640040575,305.7070860135817,264.96804798627636,307.58500870593065,286.51724383836824,207.51317966161815,277.100874978883,249.35060682172485,340.07785208299555,380.2541036500635,365.2059162452759,98.66087320051423,210.72757756396362,194.94683795891567,191.26377025026787,323.743695064061,121.98717984360913,270.4525304071523,302.1483099661094,278.4935299346164,259.6053358816554,221.60099960809603,288.64630050044394,157.17144996196004,181.0262838648024,258.47182844238137,265.286117720645,288.1415938123891,250.06367774311119,132.12793218874032
192.09866672323128,141.8533368772413,141.47396481924423,181.64508850572506,193.60254103032983,186.96197410453127,179.30203154571825,166.86299030611113,171.203744252556,182.90168056573407,185.87916179313845,150.9869133496282,160.32415610204333,114.05221243149484,180.42183482788596,9.882434702958186,177.8894694025594,85.83318884231039,122.8083330210192,8.037640361552116,129.62497400731584,14.740056907349443,160.95633158851962,157.38346893105034,177.481200684776,179.39418031982595,161.89943522860017,8.80732359266685,128.31630655327731,151.78162461568084,157.85898082621875,160.71918677337453,165.1208443958806,152.60283136300453,177.33416519602298,12.91129664659039,156.1115187838024,161.65987044371758,158.62058107879523,152.24856921222636,100.47784106223976,5.061385896787631,139.76060306136614,161.00758793367405,162.34147505171626,140.68342995362264,166.4875462650276,165.79441160129684,156.0991169885353,142.20995013279017,157.2136055783471,166.7407304176509,9.036545263693043,158.66216379603117,155.19235725996012,186.48828812097707,177.33403196171398,168.00288228154344,178.64808761162936,158.3892838797984,163.38154671450013,143.91635707621788,34.802524077356416,166.15053670732203,139.50796643084985,160.46963850478875,169.25085459610858,133.66438571865706,187.33519576983684,145.23981107417728,158.54169052156283,174.71330724854258,141.04207102979143,182.7925607818175,175.72490094455102,59.29997881438391,168.72824916157333,165.6069690512492,162.73781371507326,189.78538042650592,152.8749468731416,73.20677607767254,147.7016118184574,86.01713755243522,148.24327128865966,167.12364688480784,8.45892008403941,142.32066451277498,151.89083167846715,160.3029977548365,141.51250952427085,148.8187982967473,156.35728756395508,22.49353809613868,87.03735331985372,140.5950116788673,159.44255009743455,169.68499023006132,156.003738593777,12.1820183558729
322.27845609625257,218.47600379273618,269.54679810724457,257.9681591452873,278.8572040024431,237.43248061437484,288.3854039095491,362.0998161335637,321.0218500459378,336.7293460930067,276.34341844260535,293.5755283154104,291.4863285383245,254.87120089433583,295.70340905524455,136.9512624728284,327.04374574288715,197.27066928074868,186.41198949642057,124.08869019170217,220.82231054342867,136.74297201910755,287.6100077230408,280.0711732781127,290.72033424443237,287.6363701169604,198.5552019472715,130.45358477933402,275.47098470375965,293.25830563483015,255.64761037828941,284.49943492156746,301.4783959056063,273.79498647373674,311.341258054105,138.7810293006206,294.7518868152023,320.5982565702132,285.2343995797516,298.9459072033047,212.2833622755026,139.02325207326365,258.25284488564535,303.1268172744571,263.03333921098294,277.4144085531026,248.07083669184064,310.81068601701145,287.67482523861156,306.71248453357725,210.44587344613623,244.29189235233858,130.1991423253148,321.90595804897464,313.57746013487747,263.7004602864236,199.71485424618632,188.78073847886893,199.58951418284474,303.4624786197091,273.54142555697035,278.17509459287976,172.9427879519881,196.70186985553647,302.5236383087213,289.8724692993535,294.585215316447,197.4509326801718,316.1161496817188,298.26491445105495,344.23798577453323,268.8719303842286,255.89853636579258,282.28536694688876,288.5405372797849,190.76705005692327,285.9865679838955,262.6552427122615,356.97689622855466,393.42210535939216,382.29904197361753,116.74688069191288,221.8085740641661,206.69019710884996,195.3702314064055,310.1698275454745,120.99932226917592,258.54432159664543,286.5609777646871,258.6263318017995,280.4203929804365,251.69621516018736,278.5686960295497,151.61173374208857,187.93378771932538,263.07510225764986,322.13484914871395,334.8349379995974,238.64193704042165,143.0185112352286
169.17180918497397,261.23313617622955,306.2416867769588,244.92763317761612,250.2212233685177,273.964164390456,347.0794920856243,232.7281804151776,219.13552163749668,223.06604841896637,300.01858055681896,303.7064780296965,248.96393475175964,188.96444244963388,312.02587547448593,176.48283496927453,327.2166059123059,261.0814088779107,264.29482326990615,157.12106584785406,308.7003524570383,175.23559319115716,351.146729189521,328.8144014722941,354.322536941873,282.72280821538436,304.2333720325837,168.04476785488393,255.42857561608182,284.4434586569379,337.24981311230874,277.78490188862764,320.6919197592104,303.87682325765684,302.4962823419373,178.39130283193464,301.0810540347664,324.255918897853,341.1837716688313,298.48032904379613,263.3877285660261,192.3979430628095,294.80988357940527,294.3365896941784,336.43324387798293,237.89819130283126,322.7135005454702,337.55778642331165,315.5397562229312,247.11357741134375,308.49121870295085,353.4058811181953,175.4332489856698,302.9369507179978,306.66227018590774,289.5287328793561,360.68670287523076,288.9059934566989,277.84784225297557,218.88392121246557,280.9240821754912,197.04797551658552,169.10326993517515,330.1678784254964,345.5477314412487,284.4451384969909,331.9118301408703,281.2301708292152,202.4364781278145,174.45573428676116,266.28334939810344,246.54185414967955,234.85554818997173,295.88649510025203,256.08674971275013,190.30748202886457,325.21335731146576,301.1354273368878,328.15827695423496,330.2802480564861,311.3037871506386,211.41270029090825,278.4508079299582,276.50454287837425,294.6159635759875,249.03057945869384,180.84832109795013,314.05695219440145,308.2567526764036,218.86840668218088,342.74781172395427,217.3643155403019,308.10147885083126,191.91064936111835,321.9370991588805,292.97922062137366,320.8168096897942,273.0598715389313,243.34659077360632,174.16148604421613
233.98402596817849,266.1084935590567,334.1635233878652,242.01873277122337,255.08428012419762,296.84218616136087,354.01622046810746,228.30898502332298,189.20241598371064,241.73704151239403,296.2560183723596,317.2922054038141,259.39727604569964,199.9420115660298,325.7648544265258,175.344221413306,328.8222798117961,281.94292956455774,317.23047976232925,167.20723297483968,351.05341963743143,174.6994333675518,293.93412958825996,290.4529191223477,306.24021683317335,235.05732936326814,355.42493089214383,189.51453516392237,279.98374957831857,273.29137073732795,314.12172479262256,272.94635142269885,327.60404746615023,291.89848078486045,289.5346801863781,174.20434808413324,278.68081822819795,319.0771682765968,310.0519394450041,282.2986968583816,273.89145945348537,181.5579614699725,261.95441412232896,273.1382047949839,310.16196350285117,296.0955001222261,299.1990859879422,320.914473022078,291.65715083319066,237.87585699469042,331.67125798107486,372.63361569869227,179.6755898498175,298.6641042109792,287.7395517807616,297.9981841646687,367.68904512003775,316.5947357047483,299.7620032688916,255.7478982909405,301.75323018964275,236.67230635072565,205.1505696382821,342.67951298948304,375.77804970817317,272.65417267163275,377.75306919807196,315.7854213844665,267.4185269970144,223.05405317822962,240.6762008849852,267.98448297776616,264.13989287157796,294.88319304285596,226.6340653526599,199.63870009002082,297.2478044812298,335.8665893259388,333.48993258735163,347.74854663083937,337.9414765696256,184.8517973948581,231.94931089208373,285.89230810823295,255.89827001284036,272.06553559929193,187.90047171327598,304.46281109256046,305.1508806552993,250.46180483956618,332.5117652670335,221.09190233515187,303.31028149830166,201.13484076230444,316.3956957254614,281.0205551144937,272.26120617768805,275.7486399862277,244.5784583266841,177.66990429337085
176.37383668941737,226.97482180111967,323.24888659607086,253.60099679139873,253.94898254549543,307.14298630317404,350.2656913048616,197.8739285570343,180.56149035650486,217.70468872657557,260.8407162111236,278.1130542567375,281.5821992022826,201.24502619347055,281.0418065021578,164.03846241543383,301.44018343470833,254.62216905314386,241.31982569233207,149.74380403189082,277.44962395199036,169.33790371246837,278.5390887412383,288.5327851005508,275.11433964613525,226.04779381008302,298.2218458640431,173.39321892453478,230.36112715721262,241.41210085139343,326.8674215220275,281.6563584381611,302.96262130398475,296.6161097673456,284.73999973826653,169.33370550500717,288.90702893776347,328.23400376296183,345.4656718337182,311.1279740449802,230.33371377363034,171.05587972465685,285.7984000478178,327.4832052493611,336.79957202958605,255.4730114376519,314.10405383653506,332.4554108024634,325.6677666842084,239.83583995930042,274.2885712040675,311.4003807571164,176.04047755904068,246.10620366723774,286.6028356897639,325.9346374473591,373.4167381564583,317.31651435143806,284.5801548927774,229.57011124065502,302.3206811936795,227.920316796115,188.79530192148604,338.7520245233602,317.2667769424023,257.4728584621287,340.3839877391598,254.11119788458845,235.91134903180927,176.22448242919097,218.09242043553687,262.7116871843823,227.6722617933429,287.76825315703456,272.55311544553695,168.81864745618918,303.9332502580065,352.65011440328016,287.7331220610091,322.06823480220163,294.79265379168515,196.23526546598282,276.9565256408126,283.74446208044407,284.5346919732797,269.306003152593,174.98023828753205,290.2260082929871,280.50957096816495,210.59656139819907,338.40969893736985,197.01982044983518,314.81052082663956,168.60294379964265,298.1432425384363,241.46102936594968,284.2174915483304,272.74451941831677,205.38179496634183,167.40565959485062
306.3287489061179,305.6980586410833,311.8780019514159,228.83521916900983,206.38793134007287,226.76046990748154,227.74885201439895,237.09419445591283,266.53660560839273,302.47368930295954,250.99247966833437,362.66728849293315,312.83949093730433,258.6760047842507,177.10072764996147,175.29700702831948,277.93580909076434,238.0185191826455,240.41566560779998,158.28207864513573,226.54311907567828,178.2020556851294,343.34165032569524,351.6073876882204,355.64507663658503,276.9748115271538,304.91851748364144,165.30213893302417,228.8577044621998,278.2949476390529,305.86305161566776,239.01770134895548,289.8093807170619,266.90174791188906,248.5626095863092,174.36733942241707,286.1311342112047,265.8783924136324,270.91363218160245,252.72245339796692,228.4952265338052,181.054694923545,264.71752920763254,262.7733059702904,268.65500512145144,301.815820207468,326.9074644542977,278.33808639172094,252.52860728167946,293.04679939416496,229.68933352800232,247.47896156482253,174.08657039648247,299.25049236265085,277.870359815042,287.68012418358205,367.14973894957404,344.9176482138121,321.7082711448355,309.53502441406823,349.216059807323,273.28738009397017,186.6915554505678,319.89398882136845,232.08668047748438,331.28357682378413,254.93139467010465,250.6114408335552,282.58808866170403,276.68113277412505,237.15324130552057,261.7114761832071,239.94021474215543,259.9284614890959,264.38324302972546,196.29232333030228,291.49566539828595,357.37935933569327,334.14711558629443,338.7436771091582,306.5035688047486,248.21618692535958,379.09097004026535,307.90191207947464,352.34652663465437,226.18673442540617,182.80567219145897,300.1522886994174,305.98560741740624,272.1442035153372,315.87321092304416,249.6411058348097,248.70046747494334,187.9992956894191,260.17428334980394,286.08971891069217,317.161820109787,311.16069126498815,288.0906548281856,173.63591024526772
332.0917317635778,257.85899582697374,322.7578408068607,220.6729093623032,203.32375057168585,217.95712880747786,234.14029947445553,234.58825018048023,242.73911026264264,270.7967773268523,314.08683097671167,327.10031126192933,309.9751717267434,275.7743296646196,189.93569773862046,175.67211131112833,328.6287134400961,267.52633420960075,237.36519443080144,155.7663967587867,245.5776092439509,174.13822736369374,365.55530051948875,363.6151975909883,409.67628236502566,286.04653306047055,282.4960911111713,170.92466195279286,235.674360001822,292.47799513515037,312.30217766270226,276.13750942913776,302.64543686821423,291.2012557175025,270.6012267591481,174.48469729697356,316.5406598925589,309.70437361708485,303.92748678804554,291.44989852214246,208.39770883364807,185.39363548767048,268.585225212634,295.9797139458159,294.71469740104635,323.9472246576774,331.82658119563837,311.3234206272101,286.0617280557963,232.0330442127271,210.41415518796887,273.26451150974174,175.1200484974449,337.96074854227567,233.7626506097424,342.3773982499897,380.4891786889232,356.17149875838635,373.7559106831897,339.20559883876547,373.47332710644855,300.803834523139,185.45840657933084,342.30686823328256,247.24136771762915,342.719680070458,257.4596196775808,216.99133205182392,333.1782244577574,289.09206842451044,238.8727138539497,321.15042209172543,279.7394119229395,291.4643345812836,261.1444874848362,174.63973775937404,272.01774074548865,364.7464715200178,361.37327651637804,373.285083150675,340.1662651703601,235.0377271494031,409.5880243957921,272.1867696099676,318.2511890702984,262.77201609460224,189.1466556773469,293.17092095821175,360.395332418362,307.0774666722252,333.69505470250573,219.05066226801688,286.49367156948546,183.42370044994496,281.26492457126534,274.95612037970034,311.0048405034139,332.7239490236728,300.84612465021917,171.89947872777813
307.10999797194063,237.89609416254203,291.96341211218163,262.4789680211307,252.73341229602175,261.3993371957034,281.6549255007017,254.76969626339996,245.1031300430994,259.49750181123574,301.84716399720276,343.1045414026693,372.5043234882308,284.45762914231625,180.6659521384903,166.84906554093612,327.81118936078894,247.94417193930903,240.26272634879697,149.94507632897134,243.87388922068274,163.6375221773133,366.2078585571249,351.402766657513,402.9671865750822,280.43235743647097,303.719721645863,168.3645754975864,267.6690916647781,257.2282001558912,328.4806429642979,294.3394207555632,343.306924908252,306.8216918145068,286.1873438774034,164.27766582760322,320.2256139299803,317.8345748702668,357.6466543094366,308.5904249836307,175.52435138671046,179.15779099021947,299.1042526598829,316.68370123658184,302.9908930180986,304.20593307394216,333.7272632385649,326.7583216296256,294.35350746365793,294.65151430782447,212.9039441922413,264.2175420191215,169.0470671568647,322.4511921113145,243.48130799983485,355.4548715990356,406.9361449844361,371.49648999731556,356.28390768708124,316.2052941283991,357.4546130031886,311.16479045137635,189.92211639855358,350.9065797617054,265.28001665436665,364.60950756084026,208.7062115070639,220.18797264526256,287.04280599947555,257.8304825597076,266.9771931546667,340.3309390273096,257.7512694216057,290.4983162311861,272.82988052269553,176.46095245005824,315.92186421182663,342.94802142283265,385.7718284345334,406.9434508472025,364.8980292605689,232.33813539508031,404.5255405466971,264.03441951151495,350.5437969420869,284.74790190242527,183.9840622138591,231.29443912871295,327.0522281661678,294.39058616427445,346.7726854505926,219.08202627104228,263.77542386968105,168.610616543816,282.8551987357163,315.3290435530841,294.64822866823044,273.03865691896556,300.16304508714165,163.00363294446635
354.83999372164755,218.5114009143009,294.75077520711926,239.4474780788192,237.12941626936944,265.0081328092481,267.4041443821512,275.00879125620514,273.2938635373649,294.93706966346696,314.6305053300514,331.0728357210444,366.59756743113763,325.6546203994993,157.09005064709532,166.05853299274975,372.8577466020612,253.60378463380746,240.65900560775296,156.43069845813656,248.31838090908744,167.62808679764592,349.47534316768656,375.1584066959948,379.80649381891493,291.1501111162204,294.8079988921816,168.77658089800042,246.3404611954811,312.02086421054526,304.6468346653655,280.66551575999756,320.7979863061236,316.26113455207843,290.74074567708465,168.075961810711,305.09647766983466,325.53686308877985,350.6484959159885,310.1270145298487,190.51040310019926,182.3536250439481,276.6919365228251,306.31767945059363,294.90934205175654,300.3505974872266,307.6339044474472,269.9829086653681,289.9858570814256,288.3275283045478,213.37080835392393,241.63487483446164,166.3489799644407,349.129253256228,183.45968292894446,369.35912433662264,364.6945827883186,342.9960765891056,352.1299905290408,350.1001312559664,340.49848963492605,322.9276396562938,189.89600439272886,332.0043337916025,283.2622808095486,276.4368429834564,237.76202062803506,214.97476525066256,317.154951943203,260.13840131605684,281.76408661071576,324.247755265675,271.1535499742172,344.53061896415215,315.95475116973824,176.87083965231588,261.2401169430864,362.9591449957328,381.33228246030495,436.2677519803833,365.28399885204595,237.98119120950915,374.3958962902162,278.5825244978982,315.97488503161077,277.6765943268527,185.31372341375913,280.20941392652173,332.83550992209155,300.33676861222654,301.33475065306675,256.11329864297954,253.4767378827529,173.82662795674625,270.6594551134044,313.8623988145032,299.01139634963977,310.0821971851028,313.5096096988764,166.92041304308802
354.8458552599948,187.53813038214346,325.66381250469476,235.99249054444576,217.27474692307797,239.48321418273557,249.77906142026836,301.8690725920068,309.48520930368886,319.6429622359022,319.6349184667404,334.42663361993607,368.52589894575465,306.35475558917443,227.3547438533349,175.7688693646309,356.64403212605254,253.00773147188661,234.97148542788938,158.03863747466417,246.88501542282438,173.30411879085824,356.14830041938313,346.2624436741966,383.4745337531636,300.78169204484203,264.7397086743212,169.30445123024143,292.9024750791035,328.6003571379907,325.07580737709185,297.0018102721212,348.633621535217,318.00096006251204,291.0044471208895,176.01236654853486,332.36662845709463,341.7916255714003,359.4594568804734,327.04684738012037,154.84164734031052,191.62344729355738,305.6497085470668,326.69787275931964,311.34451127990053,288.4000473037843,315.7233226859596,293.107710146221,297.6391285671105,273.89187919915975,205.6205662069076,246.5020772133024,167.66556669092063,376.01901579674205,222.62075779207012,328.19848088383253,355.8815093704227,318.178809222688,358.4189053436777,361.16956828601,384.6933167232097,339.03323893289655,179.87006177733028,321.71722979043426,279.74518009381745,316.7017428489174,197.32651648843952,225.32290617816372,340.1752965580661,266.4137229097086,316.7122763144997,320.8209787881942,283.95180662446444,331.7150950315549,292.430982454163,197.4512976650567,293.0700227677904,352.8771783136596,403.337860081719,430.81071312351503,388.90040710862655,247.43614031727543,409.61512597685197,276.876495362334,354.68384248500587,319.6636024195557,187.62473625184757,300.02396330015705,405.79908713863045,328.21038566145853,309.67743082466677,201.24716969104142,279.5098986925766,178.17003787461778,273.3165932805076,320.4733671225208,315.5590863849011,304.1736108950073,301.9631279954554,170.13298828407244
236.5349269782968,239.24298152919957,308.2009761850369,205.04593411212437,227.85758117438047,247.10585530883714,239.88763978259365,264.054115832952,240.10771648507048,275.5621586410962,300.2448054961825,337.9445702472389,252.33867235559967,267.7739249942188,238.07392296447412,157.41426678684775,313.67453991158044,229.80367246496533,218.9870507221957,153.92864378910204,228.59704442605997,160.97043399714764,297.79301717083456,341.016822955053,343.7389036726971,240.71859613419392,319.83634035087925,165.64308663817494,201.52937766271396,359.64150536666415,353.4933175264048,304.45422695184425,334.9871256408381,352.20405453912105,287.102213586947,159.3763125443359,341.26194172028767,355.8414836412995,369.0862961825154,320.2089257839904,246.82669030149742,168.45260362739478,336.79908069255504,369.34008504566725,350.914560972649,239.44850883329778,391.04396410838956,318.3609023939549,360.4330747396864,284.70479829768027,267.2416524508363,290.2387459036336,172.36215658445178,211.96230365823982,269.82514602525714,306.8431298539058,349.35957552698625,327.69633481889446,305.6923120552071,297.5005507434304,329.3652111863329,257.53496576683534,171.94534872695138,377.7334431747823,281.50658999166455,261.14887459446845,323.4576497699964,266.1911039002511,328.74634788144687,254.36469804401065,270.0461610446411,276.0225783754227,203.88344943812015,274.42960548377005,337.3538504585651,198.47898307206228,298.14449117003034,372.63601853674555,319.6882681818761,355.6367616479561,309.73431099002755,226.2984620670741,372.5154780757961,319.3186282718363,330.3785578387073,252.0391738272369,181.04306383929483,304.7814940834459,306.97834343246166,233.30236734675327,286.68974842199896,166.7421588745891,301.8127858371966,172.57516023846145,241.05801983764033,268.18888972099774,391.15538965169185,338.62918255140335,288.765282611448,156.02389365448795
258.83152617205263,188.84735580180043,229.93909049638395,213.94818995636047,235.81167494726049,218.88957563233245,225.30689325222892,218.65952228558137,192.31828324609393,236.40366537125692,226.42299010857653,177.45424798037664,239.42996034012967,182.01206948942146,217.81280953846962,90.33769565437683,242.4497923569474,201.04118011175484,215.26431353499083,92.2083503755491,249.58029623108692,89.47630777235939,253.2747795815526,253.38850136471711,261.2380863749588,235.02591233262868,226.25086573897477,110.31559697201045,188.6321137153964,237.81288636067384,223.3361810195926,244.36614910627256,232.32812103662957,231.03750124022312,251.09289602142653,88.31891354679125,222.90450895992205,257.93504172127876,235.10567938180967,239.84215175405555,161.62456660753406,104.03258411192674,216.64368631023297,263.84496232539516,245.96730217157221,260.82901221046643,231.57044490765037,229.44263221517372,238.07788882909097,222.59878552961186,245.2219460417794,279.36672789182467,98.3271167448086,258.7836644547121,198.8909657797166,276.3974286231557,267.48478841412214,272.6983654296584,278.581100391929,284.86970759873617,303.97495798465485,257.5863642274932,158.9494907716143,230.38678644602768,236.58169389806503,210.523123219536,254.23740786083317,105.37672555866172,246.92598874318116,210.41700315710824,220.30360364338065,242.10555267587742,203.96384108011048,259.36212090087355,210.93005858456948,120.7168035238466,230.15924172319768,252.7152278605521,245.7694803155369,258.39449023517597,244.29723036713628,57.04062270445335,238.05001717878713,188.00694863442075,193.10989245851565,260.08980983663105,94.18907893489951,173.4387191604307,191.352293008627,219.96188592258443,254.1550304422902,221.51562576204046,176.57870520573871,118.79335329495625,188.92506488600378,170.4730424975045,210.87816119208773,274.80494711045384,247.35361577051117,94.91878903978835
403.29172219113616,265.2754078965914,381.8777247174036,339.6306284534396,355.7028243105071,315.8128723187025,345.8952183943605,324.9390024416858,337.4250791967735,318.4846010614469,370.91898586599876,260.72200735096317,303.12397171487663,279.3515914703695,349.80943538165127,182.44225239682697,322.0361658367259,283.5289475580216,283.3328333420265,168.59975657158503,283.37859919578017,180.7830931201826,309.9296079641879,292.1503689387743,291.31550873870833,298.02080080306223,274.5383589202104,172.1851087694604,309.61158900774257,361.80382222705185,343.21288257275364,391.5077261711407,396.3028846533413,366.42053642473877,357.4662600196548,180.62690027844454,346.0136530833605,355.87516543890825,371.9967422197595,379.9504735026144,255.12552895898443,194.91150660828492,348.12854882699935,376.31164744643314,350.2268397255548,240.71040844471182,375.1912490002506,341.61242414864273,386.1603865818376,261.9877883433637,346.12904899508345,336.6431375569438,176.68170530273005,311.2957394462212,239.15379147524035,258.1702909028781,296.72963158380696,303.38507960271477,325.60596540291493,286.2488325942496,334.87536812611864,299.1848163434504,212.56787987808116,317.70737343056464,292.1899866241747,383.58011344699383,360.07108282981045,281.20998682717834,380.3437243923251,358.836715684896,281.74627350787785,369.628984651985,287.80412250803187,332.5541267269365,370.4534310231794,211.58603378763766,379.6534909338998,350.39955996362875,326.5956484107863,329.68718190495645,293.9630448532107,203.41660639900087,364.4226061903282,276.3225379287769,327.7371560553011,331.4318933756472,175.14293634340694,291.1970885001545,328.4506704132656,309.92510949298236,357.21262291133075,277.16946220984875,287.6158348234257,201.03446752995703,272.0147948183451,347.52800517487196,334.30732204825864,337.187409491748,366.88294835269016,183.21792683241955
322.99429829231843,217.17837310891886,224.81148318677356,267.7697052289139,236.53298396338442,266.543218233896,312.75362212039863,208.97442031128725,230.52577230949674,224.8753978952911,279.1902936965553,312.1268359837111,314.02657081130593,215.59649374813685,270.884878774569,152.88142808426386,297.72932264191303,248.74436513167478,312.1251019484801,154.62154495543513,321.9661674889418,157.50390957444287,278.88142327052407,268.26053957424915,278.3410210487469,261.4606361574062,260.9682617966217,166.16074145824373,286.90946567943723,213.53820914904247,188.17546602734083,185.70939932916318,212.04806561464778,172.34170514209154,177.3511977494646,154.5656047251374,166.10465068562232,192.488552890618,220.96249033909436,177.95776246305036,185.60625100361963,159.80625347231285,182.10187435297638,174.61392470959353,215.66348864731987,276.023532252242,181.90106890629042,181.00024654017108,182.76237704100487,265.43009703161056,252.99548474909625,286.5425786609974,156.92171634222592,326.2191469536731,296.1218026251215,227.5355661311881,285.6064918704444,262.41220538016523,297.7031952919284,248.34158618653703,310.2341222703294,311.1852324713648,167.73773395713047,255.44842628215795,265.23270123133676,279.9977037684803,190.37831974873373,268.1725182830707,278.7323333247246,210.16119549675128,197.673220069848,252.28447533851067,210.0206177965139,252.54486015738146,251.77666490660118,211.34178554629557,232.35558157840984,266.60054164212397,266.41438272880794,290.83600177627915,272.77466843467187,232.4639272233233,221.91820247888245,166.07664421128115,273.9590887607769,253.03565891289773,161.13804251346417,287.04459716925754,340.05604614165725,321.47095619598645,271.5516532986041,262.8028200875017,253.7705119069367,174.9981151019912,261.3903659681637,309.4554499813144,149.7334294818766,168.67693582363074,292.6278453733162,147.19244117434084
344.49368534905426,217.29989911819527,238.49579549202318,274.30393849986865,233.38698580981645,264.1105622396935,282.7539286897255,191.01146577809274,247.9199089902349,234.05244995467996,283.6191408514394,277.93205022747554,325.5283012222946,221.28657773406255,278.7698352463984,149.5299391553699,272.32597463060335,270.1877985230396,319.0855305140632,140.89568245675264,339.9327061897895,151.00363098954034,286.855426395953,265.8860081730255,306.26608265810637,276.07538923454354,265.8221016363654,149.25530658469853,289.9334893007745,192.36548302602318,221.40926313158334,210.8628362774504,240.1053940148171,182.9414164065101,226.24499246322407,148.71662379103896,199.90575877905312,218.34239954269623,228.7730320168013,201.91707907375852,168.42197952819862,144.41537139563854,207.7410836119622,185.93985927911257,241.07069643347873,308.0059383698169,211.93299201840114,221.4478111834002,190.65161187526243,238.42337598144016,258.1982764496149,295.112715825831,140.86474118899864,327.1342107065905,254.08780967617795,241.7435186083062,293.65863055348586,271.90603443848454,295.18587752834,256.15871433411087,308.0733288265312,322.61648205038415,169.49443746368812,236.95815746912325,270.89039763242045,276.38057867727275,195.2055599563705,258.49269539830766,261.35414776047025,203.23714137729507,191.03289534663884,266.3062874142944,213.95567473630035,257.0845448395461,218.98178537301237,188.35988376221425,191.47354801395016,225.9405157829848,294.8560021394133,310.74952114493783,286.3816215950386,210.68212635078226,209.1654322718478,160.8324564628293,259.7777654421109,241.98366463755818,147.75439324098227,252.08514231007698,320.5760015662393,323.8188019046249,250.7581019239008,286.8555207601544,206.6285896128675,163.5800173730857,279.72059231285016,303.4727617462164,150.28027094654772,177.3109266031568,303.0534340448036,144.10986014198022
384.26172831983604,260.56059313672887,267.8798233118647,294.6973188399521,252.41407905905592,250.61401838292954,289.1982839703579,212.21465850684186,289.01645048164454,285.9838821412502,317.0286743915794,351.0514573744809,328.8990275347638,227.5704442593102,281.75094596592237,168.53875300234213,270.13920109842866,283.62598414890647,354.80830258832015,151.7968611641126,343.77691706068856,167.22171875911957,331.9872222363943,313.31643910103566,357.09629679859574,312.25894044419346,332.66544446533675,154.68281871291921,303.9085367326648,246.9229748724299,223.2101518049528,210.4700984808657,234.29191751898082,184.8251236670298,206.49050517326498,165.42397915859047,203.2397725087822,210.21958279043417,207.47406268194624,188.67689370886316,200.72528104592303,159.30971390261232,208.60107091385302,175.3849916385306,224.12682565407817,301.0185734009771,240.49988820412588,235.66244509415222,180.04698629901424,250.64438862195507,262.901901054523,319.0635722095763,153.7612866801801,337.6580623590833,310.47240001777857,243.79088326937494,321.4765224089503,293.4372070618662,309.2824892620056,283.2681308562597,314.15471429245287,322.17933255308486,173.62660381477787,267.16286714583197,297.0160773089205,351.6915751556762,237.57305046908675,298.80198572648516,301.2602945225076,268.6740425258173,216.53526189065389,242.4626347856886,220.9624412299636,238.31319013868708,216.58158868743533,231.9418160864716,236.6658084015239,252.80551217634564,292.5618310764917,286.5623174294311,307.28799948755704,212.0957008370783,211.770272172373,196.98414082361685,259.7594173019513,246.97520568375984,160.43578669581626,275.36739782422603,342.9491908826745,349.4830340376475,295.0082480871169,301.8393346234437,229.23913147876388,175.8577622162571,294.73367582834607,320.2312897426707,184.46529636490052,192.2260250345676,365.63253301539913,163.476098342113
274.9031824810024,147.49664394337103,266.0419818765267,193.4147047730762,194.8279195934741,217.0486481331316,268.36743276026255,169.70022599149365,144.44382964927829,177.35295465457526,334.9148766217463,294.7094500985365,311.0891892664394,257.5460475803781,193.12164832149165,147.31290758904282,345.27946103095024,241.17266829617378,237.5818530361945,137.44495942508703,295.2874775646622,150.4508790040665,313.17358513560265,337.54589540635226,335.4319900592883,257.19836935609766,279.5632536096426,152.52054359319922,191.791362005824,303.75579940739135,287.2218752960751,223.73597640647066,252.77915734753356,240.958188610845,226.2794732127303,149.10874888126204,237.21457064364495,275.2771988136647,276.4853259597929,234.67829510972416,164.82581592953122,153.28735232935244,274.22393081507806,278.018918764561,313.8185548301811,244.83065726176036,287.555052038807,195.4845182005594,266.26442357369643,204.65554492896325,258.0283400505071,311.02813444920486,147.64442229690962,299.35047200944183,195.90845277173898,242.7153333991844,289.2551158411466,253.4548627116522,260.2773966637073,271.7994322522513,283.4821703585574,298.4581110245843,160.2719897058068,311.63950106506337,280.61703651451495,216.05855454158532,262.0663554483648,246.66203138781844,291.66255397149513,187.2699972322942,219.9685858881465,235.87181967377586,153.00327594976508,265.87034602774503,290.5745293113637,190.8058549966807,196.93452799996302,295.83716032703626,346.6742489034913,380.50029145419666,321.2674462090117,226.3078025131744,253.32213944279522,219.29080789151627,256.5598269291293,195.47319677618688,156.6016744328246,252.05485092365197,296.29604714375535,315.44517370137925,272.34216502476545,236.60993002423203,223.97343387973956,155.11939100483244,277.96502251946265,276.6332784298231,236.70036982981563,262.62157064715586,331.6055196575274,144.39045949255987
388.00895402739195,269.3201642487444,302.2024081161139,339.3073830732131,359.05917856840836,340.3796258726181,366.8040801279161,333.60528772480893,274.9999897634086,348.1569489608893,343.6827112532346,202.5753495710782,210.2360672624985,263.52896775919487,332.9490807395712,155.84988508648246,321.63396067028793,282.56994411383977,309.8204001451592,178.9399907274765,267.381072866865,148.94434203968493,256.5903434343454,286.619573841738,289.0319989123783,299.4009700462428,281.68866203969515,186.16232681683127,239.71556221709488,266.5628217961441,230.0419693157763,310.65627408067877,291.5921137686642,310.9351426225,298.76108753976024,152.91648657490214,250.57353765364397,292.89393025263064,328.2018462480479,293.78832458781983,276.49980020913364,182.72089358271478,261.07886621607025,326.8190106170247,280.7174733948618,237.5545183636873,243.3205480407931,289.86007384775354,329.08973951315346,273.66271496522955,263.8995834762167,326.8901612110665,167.99441003014837,336.36255704196475,301.3946840996888,266.9103948540923,207.34420378231053,209.82821342111657,291.76389820916074,367.9735631644405,376.4495032706111,334.2272814879264,174.2831039149542,268.79255124231355,222.60981349440837,323.27288102461694,287.9115887466418,280.8745084014082,409.19833690861,266.69225816310154,309.30868756246105,370.94756038155,314.7398618534281,343.1893324918905,309.6085975766548,218.13239550426675,313.29554129378886,250.77676090424464,278.5509067337105,321.91112320956734,262.99915931763627,241.59010327493448,238.02123867690884,166.31681307430554,205.99978160711626,338.22452544035247,185.9455562830739,323.15207762109367,292.7749608442814,312.4611138955564,291.20588819136543,302.7330777853794,290.32389798707305,214.69793464727536,253.58284945523653,272.98896455406515,229.11767444781634,248.97640435637243,348.7596168689274,158.90557827277436
276.24698296574195,334.1266981441114,258.4379738039755,352.5358745144043,340.98387962214184,368.01734192109484,359.9605594991067,198.21946963830342,334.5898087556698,317.9007755127105,246.0804434439839,268.54835458502316,272.3638459636186,165.49245232423513,341.40639358512357,165.71261332328905,225.5668365820939,242.07593324768027,260.65752001919896,162.4641032157426,271.7453577029117,174.54944874471923,196.3459094798622,195.6745912502336,222.80059216546863,219.90436653357204,262.2490663890061,172.48402742059895,282.15351673487095,302.70231704879455,290.38349132159044,271.6604225087083,269.7304820101648,256.9159009171903,294.37779693145217,173.15773794016772,281.58905254698976,284.1394873808179,266.1954754439735,296.4511034456308,269.10241920601896,178.39730522113283,270.15024729675616,282.3420075030892,314.26588062291677,232.38949504490375,285.0697412073413,294.92586920482853,285.3292006384025,298.10082610526126,312.87039345159855,304.1334666817494,175.46375795012298,220.20302748856787,309.71767256554205,333.92446407988837,303.2580877975941,296.4492461167822,268.7772380531406,185.049657951141,267.7832765361477,204.26585742364773,180.83616991922207,285.00747733904126,245.25929677686491,351.5068069334324,298.5509827403071,347.1292724962187,278.40972030058924,241.6507569116071,255.75665661498172,246.65223815951995,231.75548660350978,222.0554154981549,236.55931864122766,178.18967579962748,323.5384080082296,287.54608207215773,250.48607312080676,275.6589207907142,241.0615934792797,256.5679881577331,273.62326553209067,233.61040801101038,300.81585174783686,300.2836012702679,173.74865479914806,312.53435279460973,282.64339894650027,228.09644108353945,273.48385832281815,289.3231845202569,336.0752798041482,181.01827519653398,237.699896486257,259.8854152601001,321.11710937202434,303.91764009484257,239.70230277176032,165.70908074237323
304.7096092497577,225.73083027950213,222.86657366234033,279.2405468143433,295.8804368375819,295.0885917330084,261.50361137959106,242.88561127730253,260.75454822592,313.7842009139534,254.95544393823826,227.25913093661643,252.49312730379773,220.251953687275,267.86161788138537,109.16225069542976,228.353765209737,127.91484022257876,171.6576939061819,109.75996833478455,151.49882545263546,115.42107738171165,229.8043097743348,243.64400753984637,247.3441819154271,273.23686049359515,293.13090696389366,119.7967494485961,180.17117778852096,279.83468603507526,249.94955940322882,244.97351766657889,254.76520538773383,255.74892349236154,274.9017417128242,115.91587193195171,246.48977997796726,268.22189146975785,249.5806049092882,251.31617339557096,211.8791876388623,92.16827457584768,259.7825368546545,288.0381551756214,240.3013149040835,216.3000646142053,264.3889417676569,248.06928159011358,262.3750242817586,222.4106112386235,291.845765175593,269.10953255695324,121.49567572587775,235.80305928119458,189.20145452078327,261.8349568698849,234.0092823690757,256.51752380882607,283.9841823674721,295.65489166839166,282.81874384987674,266.9666281926826,157.47384002689768,256.9252330452432,282.06550679841496,235.34058040156776,302.5185838670617,230.38405311034708,294.2005370441112,261.86636525015405,292.1117790053728,289.5474403066714,231.83426421787684,300.8090453568905,299.82107625757277,192.26660758048905,234.8163428037956,297.11324930322024,290.6057354727887,323.282339189532,283.71435650881523,144.56490165660145,231.28830872102412,187.4520346838345,224.80729318246503,271.4920673953506,115.61031776824049,226.04769448707037,192.15053582894913,268.9756727362348,274.7255943726482,255.09270678138364,243.82739065392207,93.90656224366809,99.11641168136374,129.6849215220411,262.64103693689214,269.2451690037096,285.97313741771296,112.64476491156893
325.98801771987587,191.6067943449826,212.28660681913271,295.7986054020144,334.6389045937187,333.8309997881143,296.16622229154495,208.26851815407966,284.9283448172147,278.8932473244677,244.13109273012847,267.64422004587533,163.98310003720678,202.44865411098633,245.84751288598474,156.14427861733614,237.16476735065734,253.80993461634293,266.71605716181676,154.91309244087822,279.1404804171794,153.90561296864138,250.39890147395275,234.03733483952473,256.4069750545385,182.074791690703,203.58472402409836,165.0587934331435,292.84450692351714,224.95374792513837,198.55458865889557,195.50633271438107,257.5056156137846,222.0614742117993,286.39583386742055,154.58227824512966,218.12902548894525,215.50928982775955,272.9971317020419,206.99647868775259,219.1143082911759,170.15108394242185,197.52384415206348,205.41041428266504,194.67417059442144,224.96790810609124,194.53330362996306,208.52030867948952,188.05796905383085,273.6354597363686,203.42374741102023,240.17161379055324,158.45636340801602,226.2641268938462,235.44053105470744,240.29151706895033,213.16245864925986,219.63562654909114,223.81558967490503,217.46648196094827,276.2022865180876,256.80744764056163,178.53946745720887,172.15142306727103,218.37935583856188,298.79724772138553,227.3928514897046,243.31640896518712,236.99333343146452,196.93620080119095,206.52919470011707,241.92143361346083,227.94351636691377,269.58617787735596,269.18542698783943,215.79403038899878,233.08158445667777,235.70381756858035,283.6664311880435,314.4415824799805,282.73199658336597,188.52010814236158,242.74022142989585,155.4136623441358,192.0545136091397,180.5557673659478,159.1697005367806,234.55657968969743,305.6615956027042,281.5885742674605,280.39421092001254,257.5587948060515,308.7699637322849,185.85697763767456,258.91286632487925,232.6977184038222,203.00323370668218,175.37868224996697,309.2880105899313,158.878036522699
232.2147792262244,295.4410628083404,311.23142626119403,208.00142915408458,258.1658248709226,225.44666990613268,231.31541566900535,250.33431409648472,317.2531966798271,326.66715036004723,324.1363350756455,282.67743026718665,236.3710781585918,217.03830039157583,288.67309622282295,139.74248569515834,289.69693441481684,273.5992293597602,310.17231493017016,129.14993986440638,307.85078010611954,145.7217501983243,229.28160575058484,266.0888194600839,286.8331911738959,276.00731878056854,389.1591809359503,130.1840557660066,153.06999941873173,303.6200030700593,291.9432670205688,303.35666996957025,341.15396969292004,338.0660671341615,311.7169099417529,145.552949164444,297.9978560744055,355.1841646997774,304.79797694374594,333.1227263346062,255.27371891862205,142.43249609351668,284.29132466406884,315.82052483303,341.01420477420544,207.1723289600727,299.8278681392214,298.08092720743946,307.31036820015964,191.46022199769146,309.49478936913283,289.19516909614566,119.29680494563344,258.76322975278305,258.95154947977437,396.6447353822887,350.0078669212884,338.6051280652808,321.7241078297732,301.7222763335167,277.3787904900952,273.71846822202826,176.08402269919438,345.18956997332026,331.054087189295,177.09384553431053,393.85340672481965,295.34472329031877,278.1230565143689,162.06574106542558,235.84306555966864,179.80493076480585,189.8100461295505,220.4016320237045,196.74359136793277,137.47720392562647,210.42961238791938,312.0079872456594,198.55156851959617,215.31950196470714,167.65293251482467,189.77867868817523,226.9198210671125,260.80570781732587,239.3149427804908,276.13529500076993,142.93004707374257,339.0297883573475,247.9685585109278,232.0369804253795,189.67245749899024,261.75639853865124,287.1697972029702,154.43192531948037,251.3195947940533,230.69340089380208,304.1811311425691,341.8107220301529,206.9669736177485,141.88566543120896
